Company,Beta
Walmart,0.6958572593961347
Stellantis,1.4910559105450096
