Company,Beta
Walmart,0.6932705680967155
Stellantis,1.5000000000000002
