Company,Beta
Walmart,0.715925060481918
Stellantis,1.4189254625252332
