Company,Beta
Walmart,0.6723408492784966
Stellantis,1.5376059127336703
