Company,Beta
Walmart,0.6732082074521727
Stellantis,1.5136297331477988
