Company,Expected Return
Walmart,0.0797264514098695
Stellantis,0.12594963532312892
